ticketId,defaultTag1,defaultTag2,defaultTag3,defaultTag4,defaultTag5,customTags
09617,ร้องเรียน,น้ำท่วม,-,-,-,
10087,ร้องเรียน,น้ำท่วม,-,-,-,
10050,ร้องเรียน,การเดินทาง,อื่นๆ,-,-,"[""สะพานลอย""]"
09600,เสนอแนะ,อื่นๆ,-,-,-,"[""ไฟจราจร"", ""ทางม้าลาย""]"
09993,ร้องเรียน,อื่นๆ,-,-,-,"[""เจ้าหน้าที่""]"
09766,ร้องเรียน,แสงสว่าง,-,-,-,
10035,ร้องเรียน,สายไฟ,-,-,-,
09587,ร้องเรียน,น้ำท่วม,-,-,-,
09525,ร้องเรียน,น้ำท่วม,ท่อระบายน้ำ,-,-,
09738,ร้องเรียน,ถนน,-,-,-,
09904,ร้องเรียน,การเดินทาง,อื่นๆ,-,-,"[""ขนส่งสาธารณะ""]"
09783,ร้องเรียน,ทางเท้า,-,-,-,
09761,ร้องเรียน,ทางเท้า,กีดขวาง,-,-,
10038,ร้องเรียน,ความสะอาด,สัตว์จรจัด,-,-,
09918,ร้องเรียน,อื่นๆ,-,-,-,"[""เจ้าหน้าที่"", ""สัตว์""]"
09641,ร้องเรียน,จราจร,-,-,-,
09796,ร้องเรียน,ความปลอดภัย,ท่อระบายน้ำ,-,-,
10025,ร้องเรียน,ความปลอดภัย,ถนน,-,-,
09948,ร้องเรียน,ถนน,แสงสว่าง,สายไฟ,-,
09855,ร้องเรียน,จราจร,ถนน,-,-,
09856,ร้องเรียน,ความปลอดภัย,กีดขวาง,อื่นๆ,-,"[""หาบเร่แผงลอย""]"
09689,ร้องเรียน,ต้นไม้,อื่นๆ,-,-,"[""ขยะ"", ""ภัยจากสัตว์""]"
09986,ร้องเรียน,คลอง,อื่นๆ,-,-,"[""โยธา กทม."", ""กลิ่น""]"
09533,ร้องเรียน,ท่อระบายน้ำ,-,-,-,
09788,ร้องเรียน,ทางเท้า,อื่นๆ,-,-,"[""หาบเร่แผงลอย""]"
09803,ร้องเรียน,ถนน,-,-,-,
09624,ร้องเรียน,น้ำท่วม,ท่อระบายน้ำ,-,-,
10017,ร้องเรียน,จราจร,กีดขวาง,อื่นๆ,-,"[""เจ้าหน้าที่""]"
09985,ร้องเรียน,ถนน,อื่นๆ,-,-,"[""ก่อสร้าง""]"
09777,ร้องเรียน,ความปลอดภัย,ถนน,-,-,
09841,ร้องเรียน,ความปลอดภัย,ถนน,-,-,
10098,ร้องเรียน,ความปลอดภัย,อื่นๆ,-,-,"[""ไฟจราจร""]"
09661,,-,-,-,-,
09915,ร้องเรียน,ทางเท้า,กีดขวาง,อื่นๆ,-,"[""หาบเร่แผงลอย""]"
09704,ร้องเรียน,ต้นไม้,อื่นๆ,-,-,"[""เจ้าหน้าที่""]"
09727,ร้องเรียน,ทางเท้า,กีดขวาง,-,-,
09528,ร้องเรียน,จราจร,กีดขวาง,-,-,
09932,ร้องเรียน,จราจร,-,-,-,
09939,ร้องเรียน,สายไฟ,-,-,-,
09878,ร้องเรียน,ถนน,สายไฟ,-,-,
10003,ร้องเรียน,ทางเท้า,-,-,-,
09849,ร้องเรียน,จราจร,กีดขวาง,-,-,
09488,เสนอแนะ,อื่นๆ,-,-,-,"[""จุดรอรถ""]"
09612,ร้องเรียน,ท่อระบายน้ำ,-,-,-,
10051,ร้องเรียน,อื่นๆ,-,-,-,"[""กลิ่น""]"
09998,ร้องเรียน,อื่นๆ,-,-,-,"[""ภาษี""]"
09765,ร้องเรียน,แสงสว่าง,อื่นๆ,-,-,"[""แสงสว่าง""]"
09912,ร้องเรียน,จราจร,กีดขวาง,-,-,
09996,ร้องเรียน,ถนน,-,-,-,
09764,ร้องเรียน,อื่นๆ,-,-,-,"[""กลิ่น""]"
09865,ร้องเรียน,จราจร,ถนน,-,-,
09609,ร้องเรียน,ความปลอดภัย,แสงสว่าง,อื่นๆ,-,"[""พื้นที่สาธารณะ""]"
09566,ร้องเรียน,สัตว์จรจัด,-,-,-,
09785,ร้องเรียน,ถนน,กีดขวาง,อื่นๆ,-,"[""หาบเร่แผงลอย""]"
09597,เสนอแนะ,อื่นๆ,-,-,-,"[""พื้นที่สาธารณะ""]"
09493,ร้องเรียน,จราจร,อื่นๆ,-,-,"[""เจ้าหน้าที่""]"
10019,ร้องเรียน,อื่นๆ,-,-,-,"[""เจ้าหน้าที่"", ""พื้นที่สาธารณะ""]"
09707,ร้องเรียน,ทางเท้า,กีดขวาง,-,-,
09570,,-,-,-,-,
09649,ร้องเรียน,ถนน,-,-,-,
09499,ร้องเรียน,น้ำท่วม,-,-,-,
09653,สอบถาม,ป้าย,-,-,-,
09454,ร้องเรียน,คนจรจัด,-,-,-,
10037,ร้องเรียน,อื่นๆ,-,-,-,"[""ภาษี""]"
09957,ร้องเรียน,ถนน,กีดขวาง,-,-,
09920,ร้องเรียน,ความปลอดภัย,ต้นไม้,-,-,
09886,ร้องเรียน,น้ำท่วม,ท่อระบายน้ำ,-,-,
10045,ร้องเรียน,อื่นๆ,-,-,-,"[""กฎหมาย""]"
09630,,-,-,-,-,
10088,ร้องเรียน,ความปลอดภัย,จราจร,ถนน,อื่นๆ,"[""ไฟจราจร""]"
09729,ร้องเรียน,สายไฟ,-,-,-,
09848,ร้องเรียน,อื่นๆ,-,-,-,"[""Traffy Fondue""]"
09651,ร้องเรียน,สายไฟ,-,-,-,
09786,ร้องเรียน,แสงสว่าง,อื่นๆ,-,-,"[""สะพานลอย""]"
09614,ร้องเรียน,คลอง,-,-,-,
09882,ร้องเรียน,ถนน,-,-,-,
09700,ร้องเรียน,จราจร,-,-,-,
09935,ร้องเรียน,น้ำท่วม,ท่อระบายน้ำ,อื่นๆ,-,"[""ขยะ""]"
09635,ร้องเรียน,น้ำท่วม,-,-,-,
09719,ร้องเรียน,สะพาน,-,-,-,
09683,,-,-,-,-,
09666,ร้องเรียน,ความปลอดภัย,แสงสว่าง,อื่นๆ,-,"[""จุดรอรถ""]"
09992,ร้องเรียน,ความปลอดภัย,จราจร,-,-,
10002,ร้องเรียน,จราจร,-,-,-,
09622,ร้องเรียน,ป้าย,-,-,-,
09937,ร้องเรียน,ความปลอดภัย,กีดขวาง,-,-,
09989,ร้องเรียน,สายไฟ,-,-,-,
09616,ร้องเรียน,จราจร,ถนน,-,-,
09646,ร้องเรียน,น้ำท่วม,-,-,-,
09724,ร้องเรียน,จราจร,-,-,-,
09696,ร้องเรียน,จราจร,-,-,-,
09663,ร้องเรียน,ความปลอดภัย,แสงสว่าง,อื่นๆ,-,"[""เสาไฟฟ้า""]"
09621,ร้องเรียน,น้ำท่วม,ท่อระบายน้ำ,-,-,
10047,ร้องเรียน,ถนน,-,-,-,
09710,ร้องเรียน,จราจร,กีดขวาง,-,-,
09721,ร้องเรียน,ห้องน้ำ,อื่นๆ,-,-,"[""พื้นที่สาธารณะ""]"
09625,ร้องเรียน,ถนน,-,-,-,
09959,ร้องเรียน,ความปลอดภัย,สายไฟ,-,-,
10041,ร้องเรียน,ท่อระบายน้ำ,-,-,-,
10021,ร้องเรียน,ท่อระบายน้ำ,-,-,-,
09472,ร้องเรียน,ทางเท้า,กีดขวาง,อื่นๆ,-,"[""หาบเร่แผงลอย""]"
09853,ร้องเรียน,จราจร,กีดขวาง,-,-,
09697,ร้องเรียน,ความปลอดภัย,ทางเท้า,-,-,
09444,สอบถาม,อื่นๆ,-,-,-,"[""กฎหมาย""]"
09599,ร้องเรียน,น้ำท่วม,แสงสว่าง,-,-,
09772,ร้องเรียน,แสงสว่าง,-,-,-,
09890,ร้องเรียน,อื่นๆ,-,-,-,"[""กลิ่น""]"
09910,เสนอแนะ,ความปลอดภัย,อื่นๆ,-,-,"[""ไฟจราจร""]"
09560,ร้องเรียน,แสงสว่าง,-,-,-,
09976,ร้องเรียน,ท่อระบายน้ำ,-,-,-,
09871,ร้องเรียน,ความปลอดภัย,สัตว์จรจัด,-,-,
09579,ร้องเรียน,อื่นๆ,-,-,-,"[""กลิ่น""]"
09590,ร้องเรียน,น้ำท่วม,ท่อระบายน้ำ,-,-,
09574,ร้องเรียน,คลอง,-,-,-,
09458,ร้องเรียน,ความปลอดภัย,ทางเท้า,-,-,
10049,ร้องเรียน,น้ำท่วม,-,-,-,
09952,ร้องเรียน,ป้าย,อื่นๆ,-,-,"[""เจ้าหน้าที่""]"
10072,ร้องเรียน,ความปลอดภัย,จราจร,ป้าย,-,
09540,,-,-,-,-,
09818,ร้องเรียน,จราจร,-,-,-,
10076,ร้องเรียน,ถนน,-,-,-,
09828,ร้องเรียน,แสงสว่าง,อื่นๆ,-,-,"[""สะพานลอย""]"
09861,ร้องเรียน,เสียงรบกวน,อื่นๆ,-,-,"[""มลพิษ"", ""ก่อสร้าง""]"
09473,ร้องเรียน,ทางเท้า,กีดขวาง,-,-,
09509,ร้องเรียน,อื่นๆ,-,-,-,"[""กลิ่น""]"
09758,เสนอแนะ,การเดินทาง,ถนน,-,-,
09589,,-,-,-,-,
09757,ร้องเรียน,ความสะอาด,ทางเท้า,กีดขวาง,อื่นๆ,"[""หาบเร่แผงลอย""]"
10036,ร้องเรียน,น้ำท่วม,อื่นๆ,-,-,"[""ขยะ""]"
09825,,-,-,-,-,
09513,ร้องเรียน,จราจร,-,-,-,
09471,ร้องเรียน,น้ำท่วม,-,-,-,
09905,ร้องเรียน,การเดินทาง,จราจร,-,-,
09487,ร้องเรียน,ความปลอดภัย,ถนน,-,-,
09682,ร้องเรียน,การเดินทาง,จราจร,กีดขวาง,-,
09901,ร้องเรียน,จราจร,-,-,-,
09648,ร้องเรียน,จราจร,ถนน,-,-,
09481,ร้องเรียน,ต้นไม้,-,-,-,
09964,ร้องเรียน,ทางเท้า,กีดขวาง,อื่นๆ,-,"[""หาบเร่แผงลอย""]"
09554,ร้องเรียน,คลอง,อื่นๆ,-,-,"[""เจ้าหน้าที่""]"
09508,ร้องเรียน,ความปลอดภัย,ถนน,อื่นๆ,-,"[""ก่อสร้าง""]"
09881,เสนอแนะ,ห้องน้ำ,-,-,-,
09750,ร้องเรียน,ทางเท้า,กีดขวาง,-,-,
09981,ร้องเรียน,อื่นๆ,-,-,-,"[""Traffy Fondue""]"
09794,เสนอแนะ,ความปลอดภัย,อื่นๆ,-,-,"[""ไฟจราจร""]"
09950,ร้องเรียน,ทางเท้า,-,-,-,
09455,ร้องเรียน,กีดขวาง,อื่นๆ,-,-,"[""หาบเร่แผงลอย""]"
09623,ร้องเรียน,น้ำท่วม,ท่อระบายน้ำ,-,-,
10077,,-,-,-,-,
09439,ร้องเรียน,อื่นๆ,-,-,-,"[""เสาไฟฟ้า""]"
09840,ร้องเรียน,ถนน,น้ำท่วม,-,-,
09893,ร้องเรียน,จราจร,-,-,-,
10108,ร้องเรียน,จราจร,-,-,-,
09821,ร้องเรียน,จราจร,กีดขวาง,-,-,
09815,ร้องเรียน,ถนน,ท่อระบายน้ำ,-,-,
09548,ร้องเรียน,น้ำท่วม,ท่อระบายน้ำ,-,-,
09857,ร้องเรียน,จราจร,-,-,-,
10001,,-,-,-,-,
10104,ร้องเรียน,อื่นๆ,-,-,-,"[""ขยะ""]"
09934,ร้องเรียน,ความปลอดภัย,ถนน,-,-,
10028,ร้องเรียน,ความปลอดภัย,กีดขวาง,สายไฟ,-,
09475,ร้องเรียน,คลอง,อื่นๆ,-,-,"[""ฝ่าฝืนกฏหมาย""]"
09718,ร้องเรียน,ความปลอดภัย,ท่อระบายน้ำ,-,-,
09502,ร้องเรียน,ถนน,-,-,-,
09531,ร้องเรียน,ความสะอาด,อื่นๆ,-,-,"[""กลิ่น""]"
09835,ร้องเรียน,อื่นๆ,-,-,-,"[""กลิ่น""]"
09924,ร้องเรียน,อื่นๆ,-,-,-,"[""ขยะ""]"
09960,ร้องเรียน,ถนน,-,-,-,
09931,ร้องเรียน,อื่นๆ,-,-,-,"[""ขยะ"", ""เจ้าหน้าที่""]"
09829,ร้องเรียน,แสงสว่าง,-,-,-,
09774,ร้องเรียน,ความปลอดภัย,ทางเท้า,ต้นไม้,-,
09491,ร้องเรียน,กีดขวาง,-,-,-,
09542,,-,-,-,-,
09592,เสนอแนะ,ท่อระบายน้ำ,-,-,-,
09894,ร้องเรียน,ทางเท้า,สายไฟ,-,-,
09823,ร้องเรียน,การเดินทาง,อื่นๆ,-,-,"[""ขนส่งสาธารณะ""]"
09971,ร้องเรียน,สายไฟ,-,-,-,
09578,ร้องเรียน,น้ำท่วม,ท่อระบายน้ำ,แสงสว่าง,-,
09929,ร้องเรียน,ถนน,น้ำท่วม,-,-,
09715,ร้องเรียน,ความปลอดภัย,อื่นๆ,-,-,"[""ขนส่งสาธารณะ""]"
10079,ร้องเรียน,ความปลอดภัย,ถนน,-,-,
09501,ร้องเรียน,ต้นไม้,อื่นๆ,-,-,"[""แจ้งเหตุด่วน""]"
09760,ร้องเรียน,ความปลอดภัย,อื่นๆ,-,-,"[""ก่อสร้าง""]"
09941,ร้องเรียน,สายไฟ,-,-,-,
09888,,-,-,-,-,
09539,ร้องเรียน,น้ำท่วม,-,-,-,
09450,ร้องเรียน,ถนน,น้ำท่วม,-,-,
09629,ร้องเรียน,คนจรจัด,-,-,-,
09780,ร้องเรียน,ความปลอดภัย,ถนน,ท่อระบายน้ำ,-,
09618,,-,-,-,-,
10058,ร้องเรียน,ถนน,สะพาน,-,-,
09643,ร้องเรียน,น้ำท่วม,-,-,-,
09956,ร้องเรียน,จราจร,กีดขวาง,-,-,
09885,ร้องเรียน,ถนน,ต้นไม้,-,-,
09767,ร้องเรียน,อื่นๆ,-,-,-,"[""กลิ่น""]"
09735,ร้องเรียน,อื่นๆ,-,-,-,"[""ขยะ"", ""กลิ่น""]"
10059,ร้องเรียน,ความปลอดภัย,แสงสว่าง,-,-,
09588,ร้องเรียน,อื่นๆ,-,-,-,"[""เจ้าหน้าที่"", ""จอดรถยนต์""]"
09511,ร้องเรียน,กีดขวาง,อื่นๆ,-,-,"[""จอดรถยนต์""]"
09647,ร้องเรียน,ความปลอดภัย,แสงสว่าง,คนจรจัด,อื่นๆ,"[""จุดรอรถ""]"
09522,ร้องเรียน,อื่นๆ,-,-,-,"[""จุดรอรถ""]"
09562,ร้องเรียน,ถนน,อื่นๆ,-,-,"[""ไฟจราจร""]"
10086,ร้องเรียน,ถนน,อื่นๆ,-,-,"[""เจ้าหน้าที่""]"
09546,ร้องเรียน,ความปลอดภัย,แสงสว่าง,อื่นๆ,-,"[""แสงสว่าง""]"
09737,ร้องเรียน,อื่นๆ,-,-,-,"[""เสาไฟฟ้า""]"
09463,ร้องเรียน,อื่นๆ,-,-,-,"[""ไฟจราจร""]"
09907,ร้องเรียน,จราจร,กีดขวาง,-,-,
09752,ร้องเรียน,เสียงรบกวน,-,-,-,
09436,ร้องเรียน,อื่นๆ,-,-,-,"[""หาบเร่แผงลอย"", ""เจ้าหน้าที่""]"
09775,ร้องเรียน,ความปลอดภัย,กีดขวาง,อื่นๆ,-,"[""จอดรถยนต์""]"
10106,ร้องเรียน,จราจร,อื่นๆ,-,-,"[""ก่อสร้าง""]"
09695,ร้องเรียน,แสงสว่าง,-,-,-,
10092,ร้องเรียน,จราจร,-,-,-,
09674,ร้องเรียน,อื่นๆ,-,-,-,"[""กลิ่น""]"
09946,ร้องเรียน,ทางเท้า,กีดขวาง,-,-,
10016,ร้องเรียน,อื่นๆ,-,-,-,"[""พื้นที่สาธารณะ"", ""จุดจอดรถ""]"
09846,ร้องเรียน,อื่นๆ,-,-,-,"[""โยธา กทม.""]"
09943,ร้องเรียน,ความปลอดภัย,กีดขวาง,อื่นๆ,-,"[""จอดรถ""]"
09626,ร้องเรียน,น้ำท่วม,-,-,-,
09987,ร้องเรียน,ความปลอดภัย,แสงสว่าง,อื่นๆ,-,"[""สะพานลอย""]"
09843,ร้องเรียน,ความปลอดภัย,อื่นๆ,-,-,"[""เสาไฟฟ้า""]"
09862,ร้องเรียน,ท่อระบายน้ำ,-,-,-,
09594,ร้องเรียน,เสียงรบกวน,-,-,-,
09680,ร้องเรียน,ความปลอดภัย,ทางเท้า,กีดขวาง,อื่นๆ,"[""หาบเร่แผงลอย""]"
09702,ร้องเรียน,ทางเท้า,กีดขวาง,-,-,
10043,,-,-,-,-,
10024,ร้องเรียน,คลอง,อื่นๆ,-,-,"[""ขยะ""]"
09694,สอบถาม,อื่นๆ,-,-,-,"[""ขยะ"", ""เจ้าหน้าที่""]"
09793,ร้องเรียน,แสงสว่าง,อื่นๆ,-,-,"[""สะพานลอย""]"
09790,ร้องเรียน,อื่นๆ,-,-,-,"[""เจ้าหน้าที่""]"
09619,ร้องเรียน,จราจร,กีดขวาง,อื่นๆ,-,"[""เจ้าหน้าที่""]"
10061,,-,-,-,-,
09709,ร้องเรียน,ถนน,-,-,-,
10008,ร้องเรียน,คลอง,-,-,-,
09645,ร้องเรียน,ต้นไม้,-,-,-,
09970,ร้องเรียน,น้ำท่วม,ท่อระบายน้ำ,-,-,
09658,ร้องเรียน,แสงสว่าง,-,-,-,
09802,ร้องเรียน,ความปลอดภัย,ต้นไม้,-,-,
10093,ร้องเรียน,ทางเท้า,กีดขวาง,-,-,
09557,ร้องเรียน,ต้นไม้,-,-,-,
09604,ร้องเรียน,น้ำท่วม,-,-,-,
09876,ร้องเรียน,จราจร,ป้าย,-,-,
09482,ร้องเรียน,อื่นๆ,-,-,-,"[""เจ้าหน้าที่""]"
09465,เสนอแนะ,แสงสว่าง,อื่นๆ,-,-,"[""ทางม้าลาย"", ""พื้นที่สาธารณะ""]"
09754,ร้องเรียน,เสียงรบกวน,-,-,-,
09958,ร้องเรียน,ถนน,-,-,-,
09691,ร้องเรียน,ความปลอดภัย,อื่นๆ,-,-,"[""ไฟจราจร""]"
09869,ร้องเรียน,ต้นไม้,-,-,-,
09953,ร้องเรียน,ความปลอดภัย,การเดินทาง,ถนน,อื่นๆ,"[""ทรัพย์สินเสียหาย""]"
09845,ร้องเรียน,จราจร,อื่นๆ,-,-,"[""หาบเร่แผงลอย""]"
10029,ร้องเรียน,จราจร,-,-,-,
09462,ร้องเรียน,แสงสว่าง,-,-,-,
09500,ร้องเรียน,สายไฟ,-,-,-,
09440,ร้องเรียน,น้ำท่วม,-,-,-,
09808,ร้องเรียน,แสงสว่าง,-,-,-,
09771,ร้องเรียน,แสงสว่าง,-,-,-,
09725,ร้องเรียน,ความปลอดภัย,ต้นไม้,อื่นๆ,-,"[""ภัยจากสัตว์""]"
09984,สอบถาม,อื่นๆ,-,-,-,"[""เจ้าหน้าที่""]"
09552,ร้องเรียน,จราจร,กีดขวาง,อื่นๆ,-,"[""หาบเร่แผงลอย""]"
09628,,-,-,-,-,
09681,ร้องเรียน,แสงสว่าง,อื่นๆ,-,-,"[""จุดรอรถ""]"
09611,ร้องเรียน,ถนน,-,-,-,
09927,,-,-,-,-,
09944,ร้องเรียน,ต้นไม้,-,-,-,
09708,ร้องเรียน,ความปลอดภัย,ถนน,-,-,
09443,ร้องเรียน,แสงสว่าง,-,-,-,
10030,ร้องเรียน,ถนน,-,-,-,
09945,ร้องเรียน,แสงสว่าง,-,-,-,
09602,ร้องเรียน,เสียงรบกวน,-,-,-,
09791,ร้องเรียน,สายไฟ,-,-,-,
09538,ร้องเรียน,ความสะอาด,ทางเท้า,-,-,
09601,ร้องเรียน,น้ำท่วม,ท่อระบายน้ำ,-,-,
09638,ร้องเรียน,อื่นๆ,-,-,-,"[""สาธารณสุข""]"
09974,ร้องเรียน,ถนน,-,-,-,
09569,ร้องเรียน,จราจร,กีดขวาง,-,-,
09872,ร้องเรียน,ป้าย,อื่นๆ,-,-,"[""การประปา""]"
09778,สอบถาม,อื่นๆ,-,-,-,"[""-""]"
10042,ร้องเรียน,คลอง,-,-,-,
09583,ร้องเรียน,น้ำท่วม,-,-,-,
09740,ร้องเรียน,ความปลอดภัย,ถนน,ท่อระบายน้ำ,-,
09637,ร้องเรียน,ความปลอดภัย,ถนน,-,-,
09883,ร้องเรียน,ความปลอดภัย,ต้นไม้,-,-,
09679,ร้องเรียน,ความปลอดภัย,ถนน,สะพาน,-,
09474,ร้องเรียน,น้ำท่วม,-,-,-,
09577,สอบถาม,น้ำท่วม,-,-,-,
09526,ร้องเรียน,น้ำท่วม,-,-,-,
09801,ร้องเรียน,ถนน,น้ำท่วม,-,-,
09536,ร้องเรียน,เสียงรบกวน,-,-,-,
09988,ร้องเรียน,อื่นๆ,-,-,-,"[""สาธารณสุข""]"
09880,ร้องเรียน,น้ำท่วม,-,-,-,
10080,ร้องเรียน,ความปลอดภัย,ถนน,อื่นๆ,-,"[""เจ้าหน้าที่""]"
09568,ร้องเรียน,จราจร,กีดขวาง,-,-,
10009,,-,-,-,-,
09603,ร้องเรียน,น้ำท่วม,คลอง,-,-,
09913,ร้องเรียน,น้ำท่วม,-,-,-,
09608,ร้องเรียน,น้ำท่วม,ท่อระบายน้ำ,-,-,
09605,ร้องเรียน,อื่นๆ,-,-,-,"[""ก่อสร้าง""]"
09517,ร้องเรียน,อื่นๆ,-,-,-,"[""เจ้าหน้าที่""]"
09620,ร้องเรียน,น้ำท่วม,-,-,-,
09467,ร้องเรียน,น้ำท่วม,คลอง,อื่นๆ,-,"[""ขยะ""]"
09535,ร้องเรียน,สัตว์จรจัด,-,-,-,
09817,เสนอแนะ,อื่นๆ,-,-,-,"[""นิทรรศการ""]"
09799,ร้องเรียน,น้ำท่วม,-,-,-,
09561,ร้องเรียน,น้ำท่วม,-,-,-,
09585,ร้องเรียน,อื่นๆ,-,-,-,"[""ฝ่าฝืนกฏหมาย""]"
09965,เสนอแนะ,ความปลอดภัย,ถนน,-,-,
09978,สอบถาม,ความปลอดภัย,จราจร,ถนน,อื่นๆ,"[""เจ้าหน้าที่""]"
09892,ร้องเรียน,จราจร,อื่นๆ,-,-,"[""เจ้าหน้าที่""]"
09518,ร้องเรียน,น้ำท่วม,-,-,-,
09947,เสนอแนะ,คลอง,-,-,-,
09914,ร้องเรียน,ทางเท้า,กีดขวาง,อื่นๆ,-,"[""ทางม้าลาย"", ""หาบเร่แผงลอย""]"
10014,,-,-,-,-,
09746,,-,-,-,-,
09812,ร้องเรียน,จราจร,ถนน,อื่นๆ,-,"[""เจ้าหน้าที่""]"
10052,ร้องเรียน,ทางเท้า,กีดขวาง,-,-,
09859,ร้องเรียน,ถนน,-,-,-,
09822,ร้องเรียน,ความปลอดภัย,อื่นๆ,-,-,"[""ขนส่งสาธารณะ""]"
09814,ร้องเรียน,ป้าย,ต้นไม้,-,-,
09516,ร้องเรียน,อื่นๆ,-,-,-,"[""พื้นที่สาธารณะ""]"
10094,ร้องเรียน,จราจร,-,-,-,
09995,ร้องเรียน,กีดขวาง,-,-,-,
09977,ร้องเรียน,ความปลอดภัย,การเดินทาง,อื่นๆ,-,"[""ขนส่งสาธารณะ""]"
09652,ร้องเรียน,ความปลอดภัย,ความสะอาด,น้ำท่วม,ท่อระบายน้ำ,
09445,ร้องเรียน,จราจร,กีดขวาง,-,-,
09966,ร้องเรียน,ความปลอดภัย,ทางเท้า,-,-,
09452,ร้องเรียน,น้ำท่วม,สายไฟ,-,-,
09811,ร้องเรียน,แสงสว่าง,อื่นๆ,-,-,"[""สะพานลอย""]"
09477,เสนอแนะ,ความปลอดภัย,จราจร,ถนน,อื่นๆ,"[""แจ้งเหตุด่วน""]"
09532,,-,-,-,-,
09593,ร้องเรียน,น้ำท่วม,ท่อระบายน้ำ,-,-,
09980,ร้องเรียน,แสงสว่าง,-,-,-,
10083,ร้องเรียน,การเดินทาง,กีดขวาง,คลอง,-,
09824,,-,-,-,-,
09550,ร้องเรียน,ท่อระบายน้ำ,-,-,-,
10053,ร้องเรียน,ทางเท้า,กีดขวาง,-,-,
09866,,-,-,-,-,
10032,ร้องเรียน,อื่นๆ,-,-,-,"[""กลิ่น""]"
09459,ร้องเรียน,ความปลอดภัย,ทางเท้า,คลอง,-,
09877,ร้องเรียน,ความปลอดภัย,การเดินทาง,ถนน,กีดขวาง,
09563,ร้องเรียน,จราจร,กีดขวาง,-,-,
09900,ร้องเรียน,ความสะอาด,อื่นๆ,-,-,"[""ขยะ""]"
09830,ร้องเรียน,ความปลอดภัย,ถนน,แสงสว่าง,อื่นๆ,"[""แจ้งเหตุด่วน""]"
10060,ร้องเรียน,ถนน,-,-,-,
09906,ร้องเรียน,กีดขวาง,-,-,-,
09933,สอบถาม,ต้นไม้,-,-,-,
09940,ร้องเรียน,แสงสว่าง,-,-,-,
09437,ร้องเรียน,ป้าย,-,-,-,
09759,ร้องเรียน,ความปลอดภัย,แสงสว่าง,อื่นๆ,-,"[""แสงสว่าง""]"
09581,,-,-,-,-,
09660,ร้องเรียน,ต้นไม้,-,-,-,
10078,ร้องเรียน,ทางเท้า,-,-,-,
10107,ร้องเรียน,กีดขวาง,อื่นๆ,-,-,"[""หาบเร่แผงลอย""]"
09776,ร้องเรียน,ถนน,-,-,-,
09899,ร้องเรียน,ถนน,อื่นๆ,-,-,"[""เจ้าหน้าที่""]"
09925,ร้องเรียน,ความสะอาด,ทางเท้า,-,-,
09884,ร้องเรียน,คลอง,อื่นๆ,-,-,"[""กลิ่น""]"
09868,ร้องเรียน,ท่อระบายน้ำ,ทางเท้า,-,-,
09543,ร้องเรียน,น้ำท่วม,ต้นไม้,-,-,
09870,ร้องเรียน,ต้นไม้,-,-,-,
09755,ร้องเรียน,แสงสว่าง,อื่นๆ,-,-,"[""จุดรอรถ""]"
10099,ร้องเรียน,จราจร,-,-,-,
10027,ร้องเรียน,ถนน,-,-,-,
09595,ร้องเรียน,อื่นๆ,-,-,-,"[""ขยะ""]"
10018,ร้องเรียน,แสงสว่าง,-,-,-,
09813,,-,-,-,-,
09687,เสนอแนะ,ความปลอดภัย,ถนน,-,-,
09798,ร้องเรียน,อื่นๆ,-,-,-,"[""ไฟจราจร""]"
09480,สอบถาม,อื่นๆ,-,-,-,"[""เจ้าหน้าที่""]"
09644,ร้องเรียน,น้ำท่วม,-,-,-,
09844,ร้องเรียน,อื่นๆ,-,-,-,"[""ขยะ"", ""ที่อยู่อาศัย""]"
10015,ร้องเรียน,จราจร,กีดขวาง,-,-,
09975,ร้องเรียน,ถนน,แสงสว่าง,ต้นไม้,-,
10089,ร้องเรียน,จราจร,ทางเท้า,กีดขวาง,อื่นๆ,"[""หาบเร่แผงลอย""]"
10105,ร้องเรียน,น้ำท่วม,-,-,-,
10103,ร้องเรียน,ทางเท้า,-,-,-,
09665,ร้องเรียน,กีดขวาง,-,-,-,
09703,ร้องเรียน,ความปลอดภัย,ความสะอาด,สัตว์จรจัด,-,
09921,ร้องเรียน,จราจร,อื่นๆ,-,-,"[""เจ้าหน้าที่""]"
09672,ร้องเรียน,จราจร,อื่นๆ,-,-,"[""เจ้าหน้าที่""]"
09503,ร้องเรียน,จราจร,-,-,-,
09748,ร้องเรียน,ความปลอดภัย,จราจร,-,-,
09490,ร้องเรียน,ทางเท้า,-,-,-,
10020,ร้องเรียน,ทางเท้า,กีดขวาง,-,-,
10065,ร้องเรียน,ความปลอดภัย,ทางเท้า,กีดขวาง,อื่นๆ,"[""หาบเร่แผงลอย""]"
10069,ร้องเรียน,การเดินทาง,อื่นๆ,-,-,"[""จราจร""]"
09867,ร้องเรียน,ป้าย,-,-,-,
09498,ร้องเรียน,ทางเท้า,กีดขวาง,-,-,
09632,เสนอแนะ,อื่นๆ,-,-,-,"[""เจ้าหน้าที่"", ""ฝ่าฝืนกฏหมาย""]"
09762,ร้องเรียน,ป้าย,-,-,-,
09492,ร้องเรียน,สะพาน,-,-,-,
09598,ร้องเรียน,น้ำท่วม,-,-,-,
09699,ร้องเรียน,ถนน,ท่อระบายน้ำ,-,-,
09942,ร้องเรียน,จราจร,กีดขวาง,-,-,
09847,ร้องเรียน,น้ำท่วม,-,-,-,
09667,ร้องเรียน,ความปลอดภัย,สายไฟ,-,-,
09891,ร้องเรียน,จราจร,กีดขวาง,-,-,
09514,ร้องเรียน,ความปลอดภัย,ถนน,น้ำท่วม,ท่อระบายน้ำ,
10063,ร้องเรียน,กีดขวาง,-,-,-,
09610,ร้องเรียน,ป้าย,-,-,-,
09447,ร้องเรียน,ความปลอดภัย,ถนน,-,-,
09804,ร้องเรียน,แสงสว่าง,อื่นๆ,-,-,"[""สะพานลอย""]"
09810,ร้องเรียน,จราจร,กีดขวาง,อื่นๆ,-,"[""จอดรถยนต์""]"
09461,ร้องเรียน,ความปลอดภัย,สายไฟ,-,-,
09486,ร้องเรียน,สะพาน,-,-,-,
10011,ร้องเรียน,ถนน,-,-,-,
09690,ร้องเรียน,กีดขวาง,-,-,-,
09723,ร้องเรียน,จราจร,-,-,-,
09693,ร้องเรียน,ทางเท้า,กีดขวาง,อื่นๆ,-,"[""จอดรถยนต์""]"
09468,ร้องเรียน,ถนน,-,-,-,
10070,ร้องเรียน,สายไฟ,อื่นๆ,-,-,"[""เสาไฟฟ้า""]"
09955,สอบถาม,อื่นๆ,-,-,-,"[""จอดรถยนต์""]"
09451,ร้องเรียน,อื่นๆ,-,-,-,"[""ขยะ""]"
09837,ร้องเรียน,แสงสว่าง,-,-,-,
09895,ร้องเรียน,ต้นไม้,-,-,-,
09874,ร้องเรียน,อื่นๆ,-,-,-,"[""ฝ่าฝืนกฏหมาย""]"
10082,ร้องเรียน,ถนน,กีดขวาง,-,-,
09898,ร้องเรียน,จราจร,กีดขวาง,-,-,
09698,ร้องเรียน,ทางเท้า,-,-,-,
09720,ร้องเรียน,แสงสว่าง,อื่นๆ,-,-,"[""แสงสว่าง""]"
09863,ร้องเรียน,ความปลอดภัย,ถนน,-,-,
10095,ร้องเรียน,ถนน,ท่อระบายน้ำ,-,-,
09489,,-,-,-,-,
09800,ร้องเรียน,แสงสว่าง,อื่นๆ,-,-,"[""สะพานลอย""]"
09586,ร้องเรียน,น้ำท่วม,-,-,-,
09675,ร้องเรียน,อื่นๆ,-,-,-,"[""ไฟจราจร"", ""ทางม้าลาย""]"
09545,ร้องเรียน,ทางเท้า,กีดขวาง,อื่นๆ,-,"[""หาบเร่แผงลอย""]"
09887,ร้องเรียน,จราจร,อื่นๆ,-,-,"[""เด็กเช็ดกระจกรถ""]"
10085,ร้องเรียน,ถนน,-,-,-,
09994,เสนอแนะ,อื่นๆ,-,-,-,"[""เจ้าหน้าที่""]"
10090,ร้องเรียน,ต้นไม้,-,-,-,
09688,ร้องเรียน,ทางเท้า,กีดขวาง,-,-,
09753,ร้องเรียน,เสียงรบกวน,-,-,-,
09839,ร้องเรียน,ถนน,กีดขวาง,อื่นๆ,-,"[""หาบเร่แผงลอย""]"
10006,ร้องเรียน,สายไฟ,อื่นๆ,-,-,"[""เสาไฟฟ้า""]"
09446,ร้องเรียน,น้ำท่วม,คลอง,-,-,
10055,,-,-,-,-,
09792,,-,-,-,-,
09903,ร้องเรียน,น้ำท่วม,-,-,-,
09826,ร้องเรียน,น้ำท่วม,ท่อระบายน้ำ,-,-,
09580,ร้องเรียน,จราจร,กีดขวาง,-,-,
09650,ร้องเรียน,อื่นๆ,-,-,-,"[""พื้นที่สาธารณะ""]"
09673,ร้องเรียน,ถนน,อื่นๆ,-,-,"[""ก่อสร้าง""]"
09805,ร้องเรียน,ทางเท้า,กีดขวาง,-,-,
09860,ร้องเรียน,ถนน,-,-,-,
09714,ร้องเรียน,ทางเท้า,-,-,-,
09928,ร้องเรียน,น้ำท่วม,ท่อระบายน้ำ,-,-,
09547,ร้องเรียน,ความสะอาด,-,-,-,
09662,ร้องเรียน,ทางเท้า,กีดขวาง,ป้าย,-,
09457,ร้องเรียน,น้ำท่วม,-,-,-,
09636,ร้องเรียน,น้ำท่วม,คลอง,-,-,
09797,ร้องเรียน,ท่อระบายน้ำ,ทางเท้า,-,-,
09807,ร้องเรียน,ทางเท้า,กีดขวาง,สายไฟ,-,
09613,ร้องเรียน,น้ำท่วม,-,-,-,
09705,ร้องเรียน,ความปลอดภัย,จราจร,กีดขวาง,-,
09949,เสนอแนะ,ความปลอดภัย,ถนน,ทางเท้า,-,
09520,ร้องเรียน,น้ำท่วม,-,-,-,
09983,ร้องเรียน,ทางเท้า,-,-,-,
09728,ร้องเรียน,จราจร,กีดขวาง,-,-,
09631,ร้องเรียน,น้ำท่วม,อื่นๆ,-,-,"[""สาธารณูปโภค""]"
09634,ร้องเรียน,น้ำท่วม,-,-,-,
09781,ร้องเรียน,ถนน,กีดขวาง,เสียงรบกวน,อื่นๆ,"[""หาบเร่แผงลอย""]"
09716,ร้องเรียน,จราจร,กีดขวาง,อื่นๆ,-,"[""จอดรถยนต์""]"
09573,ร้องเรียน,จราจร,กีดขวาง,-,-,
09530,ร้องเรียน,แสงสว่าง,-,-,-,
10109,ร้องเรียน,สะพาน,-,-,-,
09997,ร้องเรียน,สายไฟ,-,-,-,
09627,ร้องเรียน,น้ำท่วม,ท่อระบายน้ำ,-,-,
10084,ร้องเรียน,จราจร,กีดขวาง,อื่นๆ,-,"[""เจ้าหน้าที่""]"
09739,ร้องเรียน,ความปลอดภัย,ถนน,อื่นๆ,-,"[""แจ้งเหตุด่วน""]"
09484,ร้องเรียน,น้ำท่วม,คลอง,-,-,
09670,ร้องเรียน,น้ำท่วม,-,-,-,
09559,ร้องเรียน,จราจร,กีดขวาง,อื่นๆ,-,"[""จอดรถยนต์""]"
09466,ร้องเรียน,น้ำท่วม,-,-,-,
09684,ร้องเรียน,อื่นๆ,-,-,-,"[""กลิ่น"", ""ผังเมืองและสิ่งปลูกสร้าง""]"
09496,ร้องเรียน,น้ำท่วม,-,-,-,
10067,ร้องเรียน,ความปลอดภัย,สายไฟ,-,-,
10023,ร้องเรียน,ทางเท้า,-,-,-,
09751,ร้องเรียน,ความปลอดภัย,ทางเท้า,-,-,
09722,,-,-,-,-,
09510,ร้องเรียน,อื่นๆ,-,-,-,"[""จอดรถยนต์""]"
09442,ร้องเรียน,ถนน,เสียงรบกวน,-,-,
09731,ร้องเรียน,จราจร,อื่นๆ,-,-,"[""เจ้าหน้าที่""]"
09519,เสนอแนะ,จราจร,-,-,-,
10056,ร้องเรียน,ถนน,-,-,-,
09534,ร้องเรียน,ความปลอดภัย,-,-,-,
09507,ร้องเรียน,น้ำท่วม,-,-,-,
09734,ร้องเรียน,อื่นๆ,-,-,-,"[""ฝ่าฝืนกฏหมาย""]"
09834,ร้องเรียน,แสงสว่าง,-,-,-,
10068,ร้องเรียน,ความปลอดภัย,ถนน,แสงสว่าง,อื่นๆ,"[""สะพานลอย""]"
09743,ร้องเรียน,จราจร,อื่นๆ,-,-,"[""ก่อสร้าง""]"
09745,ร้องเรียน,เสียงรบกวน,อื่นๆ,-,-,"[""ก่อสร้าง""]"
09820,ร้องเรียน,ทางเท้า,-,-,-,
09741,ร้องเรียน,จราจร,กีดขวาง,-,-,
09747,ร้องเรียน,อื่นๆ,-,-,-,"[""หาบเร่แผงลอย"", ""เจ้าหน้าที่""]"
09495,ร้องเรียน,ถนน,ต้นไม้,-,-,
09858,ร้องเรียน,ความปลอดภัย,จราจร,กีดขวาง,อื่นๆ,"[""หาบเร่แผงลอย""]"
10005,ร้องเรียน,จราจร,ถนน,อื่นๆ,-,"[""ก่อสร้าง""]"
10062,ร้องเรียน,จราจร,-,-,-,
09701,ร้องเรียน,จราจร,-,-,-,
09453,ร้องเรียน,จราจร,-,-,-,
09789,ร้องเรียน,แสงสว่าง,อื่นๆ,-,-,"[""สะพานลอย""]"
09969,ร้องเรียน,จราจร,กีดขวาง,-,-,
09606,ร้องเรียน,ความปลอดภัย,ถนน,-,-,
09460,ร้องเรียน,ความปลอดภัย,ถนน,สายไฟ,ต้นไม้,
09911,ร้องเรียน,ป้าย,-,-,-,
09968,ร้องเรียน,ถนน,-,-,-,
10039,ร้องเรียน,ถนน,ท่อระบายน้ำ,-,-,
09524,ร้องเรียน,น้ำท่วม,ท่อระบายน้ำ,-,-,
09712,ร้องเรียน,ถนน,-,-,-,
09633,ร้องเรียน,น้ำท่วม,-,-,-,
10101,ร้องเรียน,จราจร,กีดขวาง,-,-,
09558,ร้องเรียน,อื่นๆ,-,-,-,"[""จุดรอรถ""]"
09963,ร้องเรียน,อื่นๆ,-,-,-,"[""จุดรอรถ""]"
10066,ร้องเรียน,ทางเท้า,กีดขวาง,-,-,
10022,ร้องเรียน,ความปลอดภัย,สายไฟ,อื่นๆ,-,"[""สะพานลอย""]"
09512,ร้องเรียน,น้ำท่วม,-,-,-,
10026,ร้องเรียน,แสงสว่าง,-,-,-,
09556,ร้องเรียน,จราจร,กีดขวาง,อื่นๆ,-,"[""จอดรถยนต์""]"
09555,ร้องเรียน,จราจร,กีดขวาง,-,-,
10013,ร้องเรียน,ต้นไม้,-,-,-,
09961,ร้องเรียน,อื่นๆ,-,-,-,"[""เจ้าหน้าที่"", ""ฝ่าฝืนกฏหมาย""]"
10044,ร้องเรียน,ถนน,-,-,-,
09706,ร้องเรียน,สายไฟ,-,-,-,
09668,ร้องเรียน,สัตว์จรจัด,-,-,-,
09852,ร้องเรียน,ถนน,ทางเท้า,กีดขวาง,-,
09864,ร้องเรียน,ป้าย,-,-,-,
10046,ร้องเรียน,ทางเท้า,-,-,-,
10081,ร้องเรียน,จราจร,-,-,-,
09671,ร้องเรียน,ความสะอาด,ท่อระบายน้ำ,อื่นๆ,-,"[""ขยะ""]"
09527,เสนอแนะ,จราจร,-,-,-,
09889,ร้องเรียน,ความปลอดภัย,สะพาน,-,-,
09832,ร้องเรียน,ความปลอดภัย,การเดินทาง,ทางเท้า,แสงสว่าง,
09717,ร้องเรียน,อื่นๆ,-,-,-,"[""ขนส่งสาธารณะ""]"
09967,ร้องเรียน,ถนน,กีดขวาง,อื่นๆ,-,"[""จอดรถยนต์""]"
09979,ร้องเรียน,ทางเท้า,กีดขวาง,-,-,
09642,ร้องเรียน,น้ำท่วม,-,-,-,
09655,ร้องเรียน,ต้นไม้,-,-,-,
09537,ร้องเรียน,อื่นๆ,-,-,-,"[""จุดรอรถ""]"
09951,ร้องเรียน,น้ำท่วม,-,-,-,
10074,ร้องเรียน,ทางเท้า,กีดขวาง,อื่นๆ,-,"[""หาบเร่แผงลอย""]"
09806,ร้องเรียน,แสงสว่าง,อื่นๆ,-,-,"[""สะพานลอย""]"
10096,ร้องเรียน,ทางเท้า,กีดขวาง,อื่นๆ,-,"[""หาบเร่แผงลอย""]"
09795,ร้องเรียน,แสงสว่าง,อื่นๆ,-,-,"[""สะพานลอย""]"
09954,ร้องเรียน,จราจร,อื่นๆ,-,-,"[""เจ้าหน้าที่""]"
09842,ร้องเรียน,ต้นไม้,-,-,-,
09713,,-,-,-,-,
09838,ร้องเรียน,น้ำท่วม,-,-,-,
09938,ร้องเรียน,แสงสว่าง,-,-,-,
09819,ร้องเรียน,ถนน,แสงสว่าง,-,-,
09962,ร้องเรียน,สัตว์จรจัด,-,-,-,
09726,ร้องเรียน,น้ำท่วม,ท่อระบายน้ำ,-,-,
09478,ร้องเรียน,จราจร,กีดขวาง,อื่นๆ,-,"[""ขนส่งสาธารณะ""]"
09551,ร้องเรียน,อื่นๆ,-,-,-,"[""ขยะ""]"
09441,ร้องเรียน,ทางเท้า,กีดขวาง,ต้นไม้,-,
09469,ร้องเรียน,ทางเท้า,กีดขวาง,-,-,
10100,ร้องเรียน,ทางเท้า,สายไฟ,-,-,
09497,ร้องเรียน,ท่อระบายน้ำ,-,-,-,
09896,ร้องเรียน,ความปลอดภัย,ทางเท้า,อื่นๆ,-,"[""ไฟจราจร""]"
09640,ร้องเรียน,ความปลอดภัย,ท่อระบายน้ำ,กีดขวาง,อื่นๆ,"[""แจ้งเหตุด่วน""]"
09763,ร้องเรียน,ท่อระบายน้ำ,ทางเท้า,-,-,
09873,ร้องเรียน,ความปลอดภัย,ต้นไม้,-,-,
09678,ร้องเรียน,อื่นๆ,-,-,-,"[""กลิ่น""]"
09879,ร้องเรียน,อื่นๆ,-,-,-,"[""การประปา""]"
09685,ร้องเรียน,อื่นๆ,-,-,-,"[""เด็กเช็ดกระจกรถ""]"
09730,ร้องเรียน,สายไฟ,-,-,-,
09676,ร้องเรียน,ความปลอดภัย,จราจร,ถนน,-,
09827,ร้องเรียน,แสงสว่าง,-,-,-,
10034,ร้องเรียน,ทางเท้า,-,-,-,
09515,ร้องเรียน,ความสะอาด,-,-,-,
09567,,-,-,-,-,
09756,ร้องเรียน,ถนน,-,-,-,
09659,ร้องเรียน,จราจร,กีดขวาง,-,-,
09711,ร้องเรียน,ความปลอดภัย,จราจร,-,-,
09576,ร้องเรียน,จราจร,อื่นๆ,-,-,"[""เจ้าหน้าที่""]"
09917,ร้องเรียน,ท่อระบายน้ำ,-,-,-,
09664,ร้องเรียน,สายไฟ,-,-,-,
09769,,-,-,-,-,
09742,ร้องเรียน,แสงสว่าง,-,-,-,
10091,ร้องเรียน,อื่นๆ,-,-,-,"[""สาธารณสุข""]"
09787,ร้องเรียน,แสงสว่าง,-,-,-,
09544,ร้องเรียน,ทางเท้า,-,-,-,
10048,ร้องเรียน,ทางเท้า,-,-,-,
09596,ร้องเรียน,น้ำท่วม,ท่อระบายน้ำ,-,-,
10040,ร้องเรียน,อื่นๆ,-,-,-,"[""สาธารณสุข""]"
09553,ร้องเรียน,ความปลอดภัย,จราจร,กีดขวาง,อื่นๆ,"[""หาบเร่แผงลอย""]"
09686,ร้องเรียน,ทางเท้า,กีดขวาง,-,-,
09816,ร้องเรียน,ความปลอดภัย,ถนน,ท่อระบายน้ำ,-,
09990,ร้องเรียน,ท่อระบายน้ำ,-,-,-,
09909,เสนอแนะ,อื่นๆ,-,-,-,"[""ภาษี""]"
10007,ร้องเรียน,สายไฟ,-,-,-,
09476,ร้องเรียน,ความปลอดภัย,สายไฟ,ต้นไม้,-,
09572,ร้องเรียน,ความปลอดภัย,การเดินทาง,จราจร,อื่นๆ,"[""แจ้งเหตุด่วน""]"
09456,ร้องเรียน,น้ำท่วม,ท่อระบายน้ำ,-,-,
09902,ร้องเรียน,อื่นๆ,-,-,-,"[""การประปา""]"
09973,ร้องเรียน,อื่นๆ,-,-,-,"[""เจ้าหน้าที่""]"
09607,ร้องเรียน,ความปลอดภัย,จราจร,-,-,
09575,ร้องเรียน,ถนน,-,-,-,
10064,,-,-,-,-,
10057,ร้องเรียน,ถนน,-,-,-,
10033,ร้องเรียน,ทางเท้า,-,-,-,
10102,ร้องเรียน,ทางเท้า,-,-,-,
10031,ร้องเรียน,ถนน,น้ำท่วม,-,-,
10012,,-,-,-,-,
09919,ร้องเรียน,ถนน,-,-,-,
09564,ร้องเรียน,ถนน,น้ำท่วม,ท่อระบายน้ำ,-,
09669,ร้องเรียน,กีดขวาง,อื่นๆ,-,-,"[""เจ้าหน้าที่"", ""จอดรถยนต์""]"
09523,ร้องเรียน,แสงสว่าง,-,-,-,
09999,ร้องเรียน,ถนน,อื่นๆ,-,-,"[""อาคารและสิ่งปลูกสร้าง""]"
09483,ร้องเรียน,สัตว์จรจัด,-,-,-,
09897,ร้องเรียน,ทางเท้า,อื่นๆ,-,-,"[""ขยะ"", ""โยธา กทม.""]"
09744,ร้องเรียน,จราจร,อื่นๆ,-,-,"[""ไฟจราจร""]"
09448,ร้องเรียน,ความปลอดภัย,ทางเท้า,กีดขวาง,-,
10097,ร้องเรียน,ความปลอดภัย,ถนน,-,-,
10000,ร้องเรียน,อื่นๆ,-,-,-,"[""ภาษี""]"
09485,ร้องเรียน,ถนน,-,-,-,
09916,ร้องเรียน,จราจร,-,-,-,
09749,ร้องเรียน,ทางเท้า,อื่นๆ,-,-,"[""ก่อสร้าง""]"
09875,ร้องเรียน,จราจร,-,-,-,
09582,ร้องเรียน,ความปลอดภัย,สายไฟ,อื่นๆ,-,"[""เสาไฟฟ้า""]"
09779,ร้องเรียน,อื่นๆ,-,-,-,"[""ขยะ""]"
09782,ร้องเรียน,จราจร,กีดขวาง,-,-,
09833,ร้องเรียน,แสงสว่าง,-,-,-,
09851,ร้องเรียน,อื่นๆ,-,-,-,"[""ขยะ""]"
09494,ร้องเรียน,จราจร,-,-,-,
09732,ร้องเรียน,ทางเท้า,ต้นไม้,-,-,
10004,ร้องเรียน,จราจร,ทางเท้า,กีดขวาง,อื่นๆ,"[""หาบเร่แผงลอย""]"
09639,,-,-,-,-,
09936,ร้องเรียน,อื่นๆ,-,-,-,"[""เจ้าหน้าที่""]"
10075,ร้องเรียน,อื่นๆ,-,-,-,"[""เจ้าหน้าที่"", ""ภาษี""]"
09922,ร้องเรียน,อื่นๆ,-,-,-,"[""ไฟจราจร"", ""ทางม้าลาย""]"
09521,ร้องเรียน,ทางเท้า,-,-,-,
10073,ร้องเรียน,ความปลอดภัย,อื่นๆ,-,-,"[""ไฟจราจร""]"
09541,ร้องเรียน,อื่นๆ,-,-,-,"[""เจ้าหน้าที่""]"
09972,ร้องเรียน,ความปลอดภัย,ทางเท้า,แสงสว่าง,-,
09923,ร้องเรียน,น้ำท่วม,ทางเท้า,-,-,
09529,ร้องเรียน,ความปลอดภัย,ทางเท้า,-,-,
09850,ร้องเรียน,ความปลอดภัย,จราจร,-,-,
09908,ร้องเรียน,แสงสว่าง,อื่นๆ,-,-,"[""แสงสว่าง""]"
09982,ร้องเรียน,ความปลอดภัย,ถนน,-,-,
09449,ร้องเรียน,น้ำท่วม,-,-,-,
09565,ร้องเรียน,จราจร,กีดขวาง,-,-,
09677,ร้องเรียน,คนจรจัด,-,-,-,
09591,ร้องเรียน,อื่นๆ,-,-,-,"[""เจ้าหน้าที่""]"
09991,ร้องเรียน,ท่อระบายน้ำ,ทางเท้า,-,-,
09656,ร้องเรียน,ต้นไม้,-,-,-,
09549,,-,-,-,-,
09470,ร้องเรียน,ความปลอดภัย,จราจร,-,-,
09770,ร้องเรียน,น้ำท่วม,อื่นๆ,-,-,"[""พื้นที่สาธารณะ""]"
09854,ร้องเรียน,จราจร,กีดขวาง,-,-,
09773,ร้องเรียน,แสงสว่าง,-,-,-,
10054,ร้องเรียน,ความปลอดภัย,ถนน,-,-,
09784,ร้องเรียน,จราจร,-,-,-,
09809,ร้องเรียน,จราจร,กีดขวาง,-,-,
09768,ร้องเรียน,การเดินทาง,อื่นๆ,-,-,"[""ป้ายจราจร""]"
09615,ร้องเรียน,จราจร,-,-,-,
09930,ร้องเรียน,ความปลอดภัย,กีดขวาง,สายไฟ,-,
09836,ร้องเรียน,ความปลอดภัย,แสงสว่าง,-,-,
09657,ร้องเรียน,ป้าย,-,-,-,
09505,ร้องเรียน,ความปลอดภัย,ทางเท้า,-,-,
09506,ร้องเรียน,ถนน,-,-,-,
09584,ร้องเรียน,น้ำท่วม,-,-,-,
09438,ร้องเรียน,แสงสว่าง,-,-,-,
09479,ร้องเรียน,ถนน,ต้นไม้,-,-,
09464,ร้องเรียน,ทางเท้า,อื่นๆ,-,-,"[""จุดรอรถ""]"
10010,ร้องเรียน,สายไฟ,-,-,-,
09571,,-,-,-,-,
10071,,-,-,-,-,
09692,ร้องเรียน,จราจร,กีดขวาง,อื่นๆ,-,"[""เจ้าหน้าที่""]"
09733,ร้องเรียน,คนจรจัด,-,-,-,
09831,ร้องเรียน,ถนน,น้ำท่วม,-,-,
09926,ร้องเรียน,ถนน,-,-,-,
09504,ร้องเรียน,น้ำท่วม,-,-,-,
09736,ร้องเรียน,จราจร,ถนน,-,-,
09654,ร้องเรียน,ทางเท้า,อื่นๆ,-,-,"[""ขยะ""]"
